{
	"$schema": "https://schemas.wp.org/wp/6.8/theme.json",
	"settings": {
		"appearanceTools": true,
		"color": {
			"background": true,
			"custom": true,
			"customDuotone": true,
			"customGradient": true,
			"defaultDuotone": false,
			"defaultGradients": false,
			"defaultPalette": false,
			"duotone": [],
			"gradients": [
				{
					"color": "#000",
					"name": "Màu 1",
					"slug": "custom-color-1"
				}
			],
			"palette": [
				{
					"color": "#002B6A",
					"name": "Accent 1",
					"slug": "accent-1"
				},
				{
					"color": "#007FE6",
					"name": "Accent 2",
					"slug": "accent-2"
				},
				{
					"color": "#11181F",
					"name": "Contrast",
					"slug": "contrast"
				},
				{
					"color": "#ffffff",
					"name": "Base",
					"slug": "base"
				},
				{
					"color": "#F7F6F1",
					"name": "Accent 3",
					"slug": "accent-3"
				},
				{
					"color": "#ffcd58",
					"name": "Accent 4",
					"slug": "accent-4"
				}
			],
			"text": true
		},
		"layout": {
			"contentSize": "700px",
			"wideSize": "1100px"
		},
		"shadow": {
			"defaultPresets": true,
			"presets": []
		},
		"spacing": {
			"customSpacingSize": true,
			"defaultSpacingSizes": false,
			"spacingSizes": [
				{
					"name": "1",
					"size": "0.25rem",
					"slug": "30"
				},
				{
					"name": "2",
					"size": "1rem",
					"slug": "40"
				},
				{
					"name": "3",
					"size": "1.75rem",
					"slug": "50"
				},
				{
					"name": "4",
					"size": "clamp(1.75rem, 3.5211268vw, 3.5rem)",
					"slug": "60"
				},
				{
					"name": "5",
					"size": "clamp(3.5rem, 7.3943662vw, 5.25rem)",
					"slug": "70"
				},
				{
					"name": "6",
					"size": "clamp(5.25rem, 12.3239437vw, 8.75rem)",
					"slug": "80"
				}
			],
			"units": [
				"%",
				"px",
				"em",
				"rem",
				"vh",
				"vw"
			]
		},
		"typography": {
			"customFontSize": true,
			"defaultFontSizes": false,
			"dropCap": true,
			"fluid": true,
			"fontFamilies": [
				{
					"fontFace": [
						{
							"fontFamily": "Archivo Narrow",
							"fontStyle": "normal",
							"fontWeight": "400",
							"src": [
								"file:./assets/fonts/archivo-narrow_normal_400.ttf"
							]
						},
						{
							"fontFamily": "Archivo Narrow",
							"fontStyle": "normal",
							"fontWeight": "500",
							"src": [
								"file:./assets/fonts/archivo-narrow_normal_500.ttf"
							]
						},
						{
							"fontFamily": "Archivo Narrow",
							"fontStyle": "normal",
							"fontWeight": "600",
							"src": [
								"file:./assets/fonts/archivo-narrow_normal_600.ttf"
							]
						},
						{
							"fontFamily": "Archivo Narrow",
							"fontStyle": "normal",
							"fontWeight": "700",
							"src": [
								"file:./assets/fonts/archivo-narrow_normal_700.ttf"
							]
						},
						{
							"fontFamily": "Archivo Narrow",
							"fontStyle": "italic",
							"fontWeight": "400",
							"src": [
								"file:./assets/fonts/archivo-narrow_italic_400.ttf"
							]
						},
						{
							"fontFamily": "Archivo Narrow",
							"fontStyle": "italic",
							"fontWeight": "500",
							"src": [
								"file:./assets/fonts/archivo-narrow_italic_500.ttf"
							]
						},
						{
							"fontFamily": "Archivo Narrow",
							"fontStyle": "italic",
							"fontWeight": "600",
							"src": [
								"file:./assets/fonts/archivo-narrow_italic_600.ttf"
							]
						},
						{
							"fontFamily": "Archivo Narrow",
							"fontStyle": "italic",
							"fontWeight": "700",
							"src": [
								"file:./assets/fonts/archivo-narrow_italic_700.ttf"
							]
						}
					],
					"fontFamily": "Archivo Narrow",
					"slug": "archivo-narrow"
				},
				{
					"fontFace": [
						{
							"fontFamily": "IBM Plex Sans",
							"fontStyle": "normal",
							"fontWeight": "100",
							"src": [
								"file:./assets/fonts/ibm-plex-sans_normal_100.ttf"
							]
						},
						{
							"fontFamily": "IBM Plex Sans",
							"fontStyle": "italic",
							"fontWeight": "100",
							"src": [
								"file:./assets/fonts/ibm-plex-sans_italic_100.ttf"
							]
						},
						{
							"fontFamily": "IBM Plex Sans",
							"fontStyle": "normal",
							"fontWeight": "200",
							"src": [
								"file:./assets/fonts/ibm-plex-sans_normal_200.ttf"
							]
						},
						{
							"fontFamily": "IBM Plex Sans",
							"fontStyle": "italic",
							"fontWeight": "200",
							"src": [
								"file:./assets/fonts/ibm-plex-sans_italic_200.ttf"
							]
						},
						{
							"fontFamily": "IBM Plex Sans",
							"fontStyle": "normal",
							"fontWeight": "300",
							"src": [
								"file:./assets/fonts/ibm-plex-sans_normal_300.ttf"
							]
						},
						{
							"fontFamily": "IBM Plex Sans",
							"fontStyle": "italic",
							"fontWeight": "300",
							"src": [
								"file:./assets/fonts/ibm-plex-sans_italic_300.ttf"
							]
						},
						{
							"fontFamily": "IBM Plex Sans",
							"fontStyle": "normal",
							"fontWeight": "400",
							"src": [
								"file:./assets/fonts/ibm-plex-sans_normal_400.ttf"
							]
						},
						{
							"fontFamily": "IBM Plex Sans",
							"fontStyle": "italic",
							"fontWeight": "400",
							"src": [
								"file:./assets/fonts/ibm-plex-sans_italic_400.ttf"
							]
						},
						{
							"fontFamily": "IBM Plex Sans",
							"fontStyle": "normal",
							"fontWeight": "500",
							"src": [
								"file:./assets/fonts/ibm-plex-sans_normal_500.ttf"
							]
						},
						{
							"fontFamily": "IBM Plex Sans",
							"fontStyle": "italic",
							"fontWeight": "500",
							"src": [
								"file:./assets/fonts/ibm-plex-sans_italic_500.ttf"
							]
						},
						{
							"fontFamily": "IBM Plex Sans",
							"fontStyle": "normal",
							"fontWeight": "600",
							"src": [
								"file:./assets/fonts/ibm-plex-sans_normal_600.ttf"
							]
						},
						{
							"fontFamily": "IBM Plex Sans",
							"fontStyle": "italic",
							"fontWeight": "600",
							"src": [
								"file:./assets/fonts/ibm-plex-sans_italic_600.ttf"
							]
						},
						{
							"fontFamily": "IBM Plex Sans",
							"fontStyle": "normal",
							"fontWeight": "700",
							"src": [
								"file:./assets/fonts/ibm-plex-sans_normal_700.ttf"
							]
						},
						{
							"fontFamily": "IBM Plex Sans",
							"fontStyle": "italic",
							"fontWeight": "700",
							"src": [
								"file:./assets/fonts/ibm-plex-sans_italic_700.ttf"
							]
						}
					],
					"fontFamily": "IBM Plex Sans",
					"slug": "ibm-plex-sans"
				}
			],
			"fontSizes": [
				{
					"fluid": false,
					"name": "Extra Small",
					"size": "0.9rem",
					"slug": "x-small"
				},
				{
					"fluid": {
						"max": "1.0625rem",
						"min": "0.825rem"
					},
					"name": "Small",
					"size": "1rem",
					"slug": "small"
				},
				{
					"fluid": {
						"max": "1.25rem",
						"min": "1rem"
					},
					"name": "Medium",
					"size": "1.125rem",
					"slug": "medium"
				},
				{
					"fluid": {
						"max": "1.563rem",
						"min": "1.25rem"
					},
					"name": "Large",
					"size": "1.563rem",
					"slug": "large"
				},
				{
					"fluid": {
						"max": "1.953rem",
						"min": "1.563rem"
					},
					"name": "Extra Large",
					"size": "1.953rem",
					"slug": "x-large"
				},
				{
					"fluid": {
						"max": "2.441rem",
						"min": "1.953rem"
					},
					"name": "2X Large",
					"size": "3.732rem",
					"slug": "xx-large"
				},
				{
					"fluid": {
						"max": "3.052rem",
						"min": "2.441rem"
					},
					"name": "3X Large",
					"size": "3.052rem",
					"slug": "xxx-large"
				}
			],
			"fontStyle": true,
			"fontWeight": true,
			"letterSpacing": true,
			"textDecoration": true,
			"textTransform": true
		},
		"useRootPaddingAwareAlignments": true
	},
	"styles": {
		"blocks": {
			"core/button": {
				"border": {
					"radius": "0px"
				},
				"color": {
					"background": "var(--wp--preset--color--accent-2)"
				},
				"spacing": {
					"padding": {
						"bottom": "var(--wp--preset--spacing--40)",
						"top": "var(--wp--preset--spacing--40)"
					}
				},
				"typography": {
					"lineHeight": "1"
				},
				"variations": {
					"outline": {
						"border": {
							"color": "var(--wp--preset--color--accent-2)"
						},
						"color": {
							"text": "var(--wp--preset--color--accent-2)"
						},
						"spacing": {
							"padding": {
								"bottom": "14px",
								"top": "14px"
							}
						}
					}
				}
			},
			"core/buttons": {
				"spacing": {
					"blockGap": "var(--wp--preset--spacing--40)"
				}
			},
			"core/code": {
				"border": {
					"color": "var(--wp--preset--color--contrast)",
					"radius": "0.25rem",
					"style": "solid",
					"width": "2px"
				},
				"spacing": {
					"padding": {
						"bottom": "var(--wp--preset--spacing--50)",
						"left": "var(--wp--preset--spacing--50)",
						"right": "var(--wp--preset--spacing--50)",
						"top": "var(--wp--preset--spacing--50)"
					}
				},
				"typography": {
					"fontFamily": "monospace"
				}
			},
			"core/comment-author-name": {
				"typography": {
					"fontSize": "var(--wp--preset--font-size--x-small)"
				}
			},
			"core/comment-date": {
				"typography": {
					"fontSize": "var(--wp--preset--font-size--x-small)",
					"fontWeight": "600"
				}
			},
			"core/comment-edit-link": {
				"typography": {
					"fontSize": "var(--wp--preset--font-size--x-small)"
				}
			},
			"core/comment-reply-link": {
				"typography": {
					"fontSize": "var(--wp--preset--font-size--x-small)"
				}
			},
			"core/gallery": {
				"spacing": {
					"margin": {
						"bottom": "var(--wp--preset--spacing--50)"
					}
				}
			},
			"core/heading": {
				"color": {
					"text": "var(--wp--preset--color--contrast)"
				},
				"elements": {
					"link": {
						"color": {
							"text": "var(--wp--preset--color--contrast)"
						}
					}
				}
			},
			"core/latest-posts": {
				"border": {
					"bottom": {
						"style": "solid",
						"width": "1px"
					},
					"left": {
						"style": "solid",
						"width": "1px"
					},
					"radius": "1px",
					"right": {
						"style": "solid",
						"width": "1px"
					},
					"top": {
						"style": "solid",
						"width": "1px"
					}
				},
				"color": {
					"background": "var(--wp--preset--color--accent-4)"
				},
				"spacing": {
					"margin": {
						"bottom": "var(--wp--preset--spacing--30)",
						"left": "var(--wp--preset--spacing--30)",
						"right": "var(--wp--preset--spacing--30)",
						"top": "var(--wp--preset--spacing--30)"
					},
					"padding": {
						"bottom": "var(--wp--preset--spacing--40)",
						"left": "var(--wp--preset--spacing--50)",
						"right": "var(--wp--preset--spacing--50)",
						"top": "var(--wp--preset--spacing--40)"
					}
				},
				"typography": {
					"textTransform": "capitalize"
				}
			},
			"core/list": {
				"spacing": {
					"padding": {
						"left": "var(--wp--preset--spacing--50)"
					}
				}
			},
			"core/navigation": {
				"elements": {
					"link": {
						":hover": {
							"typography": {
								"textDecoration": "underline"
							}
						},
						"typography": {
							"textDecoration": "none"
						}
					}
				},
				"typography": {
					"fontFamily": "var(--wp--preset--font-family--archivo-narrow)",
					"fontSize": "var(--wp--preset--font-size--small)"
				}
			},
			"core/post-author-name": {
				"elements": {
					"link": {
						":hover": {
							"typography": {
								"textDecoration": "underline"
							}
						},
						"typography": {
							"textDecoration": "none"
						}
					}
				}
			},
			"core/post-comments-count": {
				"typography": {
					"fontSize": "var(--wp--preset--font-size--x-small)"
				}
			},
			"core/post-comments-link": {
				"typography": {
					"fontSize": "var(--wp--preset--font-size--x-small)"
				}
			},
			"core/post-date": {
				"color": {
					"text": "#9da1a5"
				},
				"elements": {
					"link": {
						":hover": {
							"typography": {
								"textDecoration": "underline"
							}
						},
						"typography": {
							"textDecoration": "none"
						}
					}
				},
				"typography": {
					"fontFamily": "var(--wp--preset--font-family--archivo-narrow)",
					"fontSize": "var(--wp--preset--font-size--x-small)",
					"textTransform": "uppercase"
				}
			},
			"core/post-terms": {
				"color": {
					"text": "var(--wp--preset--color--accent-2)"
				},
				"typography": {
					"fontFamily": "var(--wp--preset--font-family--archivo-narrow)",
					"fontSize": "var(--wp--preset--font-size--x-small)",
					"fontWeight": "600",
					"textDecoration": "none",
					"textTransform": "uppercase"
				}
			},
			"core/post-title": {
				"color": {
					"text": "var(--wp--preset--color--contrast)"
				},
				"elements": {
					"link": {
						":hover": {
							"color": {
								"text": "var(--wp--preset--color--foreground)"
							},
							"typography": {
								"textDecoration": "underline"
							}
						},
						"color": {
							"text": "var(--wp--preset--color--contrast)"
						},
						"typography": {
							"textDecoration": "none"
						}
					}
				},
				"typography": {
					"fontSize": "var(--wp--preset--font-size--xxx-large)"
				}
			},
			"core/pullquote": {
				"border": {
					"color": "var(--wp--preset--color--accent-3)",
					"style": "double",
					"width": "4px 0"
				},
				"spacing": {
					"padding": {
						"bottom": "var(--wp--preset--spacing--50)",
						"left": "var(--wp--preset--spacing--50)",
						"right": "var(--wp--preset--spacing--50)",
						"top": "var(--wp--preset--spacing--50)"
					}
				},
				"typography": {
					"fontSize": "var(--wp--preset--font-size--medium)",
					"fontStyle": "italic"
				}
			},
			"core/quote": {
				"border": {
					"color": "var(--wp--preset--color--accent-4)",
					"style": "solid",
					"width": "0 0 0 5px"
				},
				"spacing": {
					"padding": {
						"left": "var(--wp--preset--spacing--50)"
					}
				},
				"typography": {
					"fontStyle": "italic"
				},
				"variations": {
					"plain": {
						"border": {
							"width": "0"
						},
						"spacing": {
							"padding": {
								"left": "0"
							}
						},
						"typography": {
							"fontStyle": "normal"
						}
					}
				}
			},
			"core/search": {
				"spacing": {
					"margin": {
						"bottom": "var(--wp--preset--spacing--30)",
						"left": "var(--wp--preset--spacing--30)",
						"right": "var(--wp--preset--spacing--30)",
						"top": "var(--wp--preset--spacing--30)"
					}
				},
				"typography": {
					"fontFamily": "var(--wp--preset--font-family--albert-sans)",
					"fontSize": "var(--wp--preset--font-size--small)",
					"lineHeight": "1.2"
				}
			},
			"core/separator": {
				"border": {
					"color": "currentColor",
					"style": "double",
					"width": "0 0 4px 0"
				},
				"color": {
					"background": "var(--wp--preset--color--background)",
					"text": "var(--wp--preset--color--accent-3)"
				},
				"spacing": {
					"margin": {
						"bottom": "0",
						"top": "0"
					}
				}
			},
			"core/site-logo": {
				"spacing": {
					"padding": {
						"bottom": "var(--wp--preset--spacing--30)",
						"top": "var(--wp--preset--spacing--30)"
					}
				}
			},
			"core/site-tagline": {
				"typography": {
					"fontSize": "var(--wp--preset--font-size--small)"
				}
			},
			"core/site-title": {
				"elements": {
					"link": {
						":hover": {
							"color": {
								"text": "var(--wp--preset--color--background)"
							},
							"typography": {
								"textDecoration": "underline"
							}
						},
						"color": {
							"text": "var(--wp--preset--color--background)"
						},
						"typography": {
							"textDecoration": "none"
						}
					}
				},
				"typography": {
					"fontSize": "var(--wp--preset--font-size--xx-large)",
					"fontStyle": "normal",
					"fontWeight": "600",
					"letterSpacing": "0px"
				}
			},
			"core/tag-cloud": {
				"border": {
					"bottom": {
						"style": "solid",
						"width": "1px"
					},
					"left": {
						"style": "solid",
						"width": "1px"
					},
					"right": {
						"style": "solid",
						"width": "1px"
					},
					"top": {
						"style": "solid",
						"width": "1px"
					}
				},
				"spacing": {
					"margin": {
						"bottom": "var(--wp--preset--spacing--30)",
						"left": "var(--wp--preset--spacing--30)",
						"right": "var(--wp--preset--spacing--30)",
						"top": "var(--wp--preset--spacing--30)"
					},
					"padding": {
						"bottom": "var(--wp--preset--spacing--30)",
						"left": "var(--wp--preset--spacing--30)",
						"right": "var(--wp--preset--spacing--30)",
						"top": "var(--wp--preset--spacing--30)"
					}
				},
				"typography": {
					"fontFamily": "var(--wp--preset--font-family--alegreya)"
				}
			},
			"core/video": {
				"spacing": {
					"margin": {
						"bottom": "var(--wp--preset--spacing--30)",
						"left": "var(--wp--preset--spacing--30)",
						"right": "var(--wp--preset--spacing--30)",
						"top": "var(--wp--preset--spacing--30)"
					},
					"padding": {
						"bottom": "var(--wp--preset--spacing--30)",
						"left": "var(--wp--preset--spacing--50)",
						"right": "var(--wp--preset--spacing--50)",
						"top": "var(--wp--preset--spacing--30)"
					}
				}
			}
		},
		"color": {
			"background": "var(--wp--preset--color--base)",
			"text": "var(--wp--preset--color--contrast)"
		},
		"css": "/* Remove block gap between first-level blocks */ :where(.wp-site-blocks) > * { margin-block-start: 0; margin-block-end: 0; }\n\n.pointer {\n  width: auto;\nheight: 40px;\n  position: relative;\n  background: var(--wp--preset--color--accent-4);;\n}\n\n.pointer:before {\n  content: \"\";\n  position: absolute;\n  right: -30px;\n  bottom: 0;\n  width: 0;\n  height: 0;\n  border-left: 30px solid var(--wp--preset--color--accent-4);\n  border-top: 20px solid transparent;\n  border-bottom: 20px solid transparent;\n}\n\n.double-hr {\nbackground: var(--wp--preset--color--accent-1);\n  height:3px;\n  border-top:1px solid #ffffff33;\n  border-bottom:1px solid #ffffff33;\n}",
		"elements": {
			"button": {
				":active": {
					"color": {
						"background": "var(--wp--preset--color--contrast)",
						"text": "var(--wp--preset--color--base)"
					}
				},
				":focus": {
					"color": {
						"background": "var(--wp--preset--color--contrast)",
						"text": "var(--wp--preset--color--base)"
					},
					"outline": {
						"color": "var(--wp--preset--color--accent-1)",
						"offset": "2px",
						"style": "dotted",
						"width": "1px"
					}
				},
				":hover": {
					"color": {
						"background": "var(--wp--preset--color--accent-2)",
						"text": "var(--wp--preset--color--base)"
					}
				},
				"border": {
					"radius": "0.25rem"
				},
				"color": {
					"background": "var(--wp--preset--color--accent-1)",
					"text": "var(--wp--preset--color--base)"
				}
			},
			"h1": {
				"typography": {
					"fontSize": "var(--wp--preset--font-size--xxx-large)",
					"lineHeight": "1.127"
				}
			},
			"h2": {
				"typography": {
					"fontSize": "var(--wp--preset--font-size--xx-large)",
					"lineHeight": "1.152"
				}
			},
			"h3": {
				"typography": {
					"fontSize": "var(--wp--preset--font-size--x-large)",
					"lineHeight": "1.28"
				}
			},
			"h4": {
				"typography": {
					"fontSize": "var(--wp--preset--font-size--large)",
					"lineHeight": "1.5"
				}
			},
			"h5": {
				"typography": {
					"fontSize": "var(--wp--preset--font-size--medium)",
					"lineHeight": "1.5"
				}
			},
			"h6": {
				"typography": {
					"fontSize": "var(--wp--preset--font-size--medium)",
					"lineHeight": "1.5"
				}
			},
			"heading": {
				"typography": {
					"fontFamily": "var(--wp--preset--font-family--archivo-narrow)",
					"fontStyle": "normal",
					"fontWeight": "500",
					"lineHeight": "1.2"
				}
			},
			"link": {
				":hover": {
					"color": {
						"text": "var(--wp--preset--color--foreground)"
					},
					"typography": {
						"textDecoration": "none"
					}
				},
				"color": {
					"text": "var(--wp--preset--color--foreground)"
				}
			}
		},
		"spacing": {
			"blockGap": "var(--wp--preset--spacing--50)",
			"padding": {
				"bottom": "0px",
				"left": "var(--wp--preset--spacing--50)",
				"right": "var(--wp--preset--spacing--50)",
				"top": "0px"
			}
		},
		"typography": {
			"fontFamily": "var(--wp--preset--font-family--ibm-plex-sans)",
			"fontSize": "var(--wp--preset--font-size--small)",
			"fontStyle": "normal",
			"fontWeight": "400",
			"lineHeight": "1.6"
		}
	},
	"templateParts": [
		{
			"area": "header",
			"name": "header"
		},
		{
			"area": "footer",
			"name": "footer"
		}
	],
	"version": 3
}